Source Plate Name,Source Plate Barcode,Source Plate Type,Source Well,Transfer Volume,Destination Plate Name,Destination Plate Barcode,Destination Plate Type,Destination Well
Compound source 1,PLT-000101,384PP_DMSO2,P1,25,Assay plate 1,PLT-000201,Corning_384_3570,A1
Compound source 1,PLT-000101,384PP_DMSO2,P2,25,Assay plate 1,PLT-000201,Corning_384_3570,A2
Compound source 1,PLT-000101,384PP_DMSO2,P1,25,Assay plate 1,PLT-000201,Corning_384_3570,B1
Compound source 1,PLT-000101,384PP_DMSO2,P2,25,Assay plate 1,PLT-000201,Corning_384_3570,B2
Compound source 1,PLT-000101,384PP_DMSO2,P1,25,Assay plate 1,PLT-000201,Corning_384_3570,C1
Compound source 1,PLT-000101,384PP_DMSO2,P2,25,Assay plate 1,PLT-000201,Corning_384_3570,C2
Compound source 1,PLT-000101,384PP_DMSO2,P1,25,Assay plate 1,PLT-000201,Corning_384_3570,D1
Compound source 1,PLT-000101,384PP_DMSO2,P2,25,Assay plate 1,PLT-000201,Corning_384_3570,D2
Compound source 1,PLT-000101,384PP_DMSO2,P1,25,Assay plate 1,PLT-000201,Corning_384_3570,E1
Compound source 1,PLT-000101,384PP_DMSO2,P2,25,Assay plate 1,PLT-000201,Corning_384_3570,E2
Compound source 1,PLT-000101,384PP_DMSO2,P1,25,Assay plate 1,PLT-000201,Corning_384_3570,F1
Compound source 1,PLT-000101,384PP_DMSO2,P2,25,Assay plate 1,PLT-000201,Corning_384_3570,F2
Compound source 1,PLT-000101,384PP_DMSO2,P1,25,Assay plate 1,PLT-000201,Corning_384_3570,G1
Compound source 1,PLT-000101,384PP_DMSO2,P2,25,Assay plate 1,PLT-000201,Corning_384_3570,G2
Compound source 1,PLT-000101,384PP_DMSO2,P1,25,Assay plate 1,PLT-000201,Corning_384_3570,H1
Compound source 1,PLT-000101,384PP_DMSO2,P2,25,Assay plate 1,PLT-000201,Corning_384_3570,H2
Compound source 1,PLT-000101,384PP_DMSO2,P1,25,Assay plate 1,PLT-000201,Corning_384_3570,I1
Compound source 1,PLT-000101,384PP_DMSO2,P2,25,Assay plate 1,PLT-000201,Corning_384_3570,I2
Compound source 1,PLT-000101,384PP_DMSO2,P1,25,Assay plate 1,PLT-000201,Corning_384_3570,J1
Compound source 1,PLT-000101,384PP_DMSO2,P2,25,Assay plate 1,PLT-000201,Corning_384_3570,J2
Compound source 1,PLT-000101,384PP_DMSO2,P1,25,Assay plate 1,PLT-000201,Corning_384_3570,K1
Compound source 1,PLT-000101,384PP_DMSO2,P2,25,Assay plate 1,PLT-000201,Corning_384_3570,K2
Compound source 1,PLT-000101,384PP_DMSO2,P1,25,Assay plate 1,PLT-000201,Corning_384_3570,L1
Compound source 1,PLT-000101,384PP_DMSO2,P2,25,Assay plate 1,PLT-000201,Corning_384_3570,L2
Compound source 1,PLT-000101,384PP_DMSO2,P1,25,Assay plate 1,PLT-000201,Corning_384_3570,M1
Compound source 1,PLT-000101,384PP_DMSO2,P2,25,Assay plate 1,PLT-000201,Corning_384_3570,M2
Compound source 1,PLT-000101,384PP_DMSO2,P1,25,Assay plate 1,PLT-000201,Corning_384_3570,N1
Compound source 1,PLT-000101,384PP_DMSO2,P2,25,Assay plate 1,PLT-000201,Corning_384_3570,N2
Compound source 1,PLT-000101,384PP_DMSO2,P1,25,Assay plate 1,PLT-000201,Corning_384_3570,O1
Compound source 1,PLT-000101,384PP_DMSO2,P2,25,Assay plate 1,PLT-000201,Corning_384_3570,O2
Compound source 1,PLT-000101,384PP_DMSO2,P1,25,Assay plate 1,PLT-000201,Corning_384_3570,P1
Compound source 1,PLT-000101,384PP_DMSO2,P2,25,Assay plate 1,PLT-000201,Corning_384_3570,P2
Compound source 1,PLT-000101,384PP_DMSO2,A3,25,Assay plate 1,PLT-000201,Corning_384_3570,A3
Compound source 1,PLT-000101,384PP_DMSO2,B3,25,Assay plate 1,PLT-000201,Corning_384_3570,B3
Compound source 1,PLT-000101,384PP_DMSO2,C3,25,Assay plate 1,PLT-000201,Corning_384_3570,C3
Compound source 1,PLT-000101,384PP_DMSO2,D3,25,Assay plate 1,PLT-000201,Corning_384_3570,D3
Compound source 1,PLT-000101,384PP_DMSO2,E3,25,Assay plate 1,PLT-000201,Corning_384_3570,E3
Compound source 1,PLT-000101,384PP_DMSO2,F3,25,Assay plate 1,PLT-000201,Corning_384_3570,F3
Compound source 1,PLT-000101,384PP_DMSO2,G3,25,Assay plate 1,PLT-000201,Corning_384_3570,G3
Compound source 1,PLT-000101,384PP_DMSO2,H3,25,Assay plate 1,PLT-000201,Corning_384_3570,H3
Compound source 1,PLT-000101,384PP_DMSO2,I3,25,Assay plate 1,PLT-000201,Corning_384_3570,I3
Compound source 1,PLT-000101,384PP_DMSO2,J3,25,Assay plate 1,PLT-000201,Corning_384_3570,J3
Compound source 1,PLT-000101,384PP_DMSO2,K3,25,Assay plate 1,PLT-000201,Corning_384_3570,K3
Compound source 1,PLT-000101,384PP_DMSO2,L3,25,Assay plate 1,PLT-000201,Corning_384_3570,L3
Compound source 1,PLT-000101,384PP_DMSO2,M3,25,Assay plate 1,PLT-000201,Corning_384_3570,M3
Compound source 1,PLT-000101,384PP_DMSO2,N3,25,Assay plate 1,PLT-000201,Corning_384_3570,N3
Compound source 1,PLT-000101,384PP_DMSO2,O3,25,Assay plate 1,PLT-000201,Corning_384_3570,O3
Compound source 1,PLT-000101,384PP_DMSO2,P3,25,Assay plate 1,PLT-000201,Corning_384_3570,P3
Compound source 1,PLT-000101,384PP_DMSO2,A4,25,Assay plate 1,PLT-000201,Corning_384_3570,A4
Compound source 1,PLT-000101,384PP_DMSO2,B4,25,Assay plate 1,PLT-000201,Corning_384_3570,B4
Compound source 1,PLT-000101,384PP_DMSO2,C4,25,Assay plate 1,PLT-000201,Corning_384_3570,C4
Compound source 1,PLT-000101,384PP_DMSO2,D4,25,Assay plate 1,PLT-000201,Corning_384_3570,D4
Compound source 1,PLT-000101,384PP_DMSO2,E4,25,Assay plate 1,PLT-000201,Corning_384_3570,E4
Compound source 1,PLT-000101,384PP_DMSO2,F4,25,Assay plate 1,PLT-000201,Corning_384_3570,F4
Compound source 1,PLT-000101,384PP_DMSO2,G4,25,Assay plate 1,PLT-000201,Corning_384_3570,G4
Compound source 1,PLT-000101,384PP_DMSO2,H4,25,Assay plate 1,PLT-000201,Corning_384_3570,H4
Compound source 1,PLT-000101,384PP_DMSO2,I4,25,Assay plate 1,PLT-000201,Corning_384_3570,I4
Compound source 1,PLT-000101,384PP_DMSO2,J4,25,Assay plate 1,PLT-000201,Corning_384_3570,J4
Compound source 1,PLT-000101,384PP_DMSO2,K4,25,Assay plate 1,PLT-000201,Corning_384_3570,K4
Compound source 1,PLT-000101,384PP_DMSO2,L4,25,Assay plate 1,PLT-000201,Corning_384_3570,L4
Compound source 1,PLT-000101,384PP_DMSO2,M4,25,Assay plate 1,PLT-000201,Corning_384_3570,M4
Compound source 1,PLT-000101,384PP_DMSO2,N4,25,Assay plate 1,PLT-000201,Corning_384_3570,N4
Compound source 1,PLT-000101,384PP_DMSO2,O4,25,Assay plate 1,PLT-000201,Corning_384_3570,O4
Compound source 1,PLT-000101,384PP_DMSO2,P4,25,Assay plate 1,PLT-000201,Corning_384_3570,P4
Compound source 1,PLT-000101,384PP_DMSO2,P23,25,Assay plate 1,PLT-000201,Corning_384_3570,A23
Compound source 1,PLT-000101,384PP_DMSO2,P24,25,Assay plate 1,PLT-000201,Corning_384_3570,A24
Compound source 1,PLT-000101,384PP_DMSO2,P23,25,Assay plate 1,PLT-000201,Corning_384_3570,B23
Compound source 1,PLT-000101,384PP_DMSO2,P24,25,Assay plate 1,PLT-000201,Corning_384_3570,B24
Compound source 1,PLT-000101,384PP_DMSO2,P23,25,Assay plate 1,PLT-000201,Corning_384_3570,C23
Compound source 1,PLT-000101,384PP_DMSO2,P24,25,Assay plate 1,PLT-000201,Corning_384_3570,C24
Compound source 1,PLT-000101,384PP_DMSO2,P23,25,Assay plate 1,PLT-000201,Corning_384_3570,D23
Compound source 1,PLT-000101,384PP_DMSO2,P24,25,Assay plate 1,PLT-000201,Corning_384_3570,D24
Compound source 1,PLT-000101,384PP_DMSO2,P23,25,Assay plate 1,PLT-000201,Corning_384_3570,E23
Compound source 1,PLT-000101,384PP_DMSO2,P24,25,Assay plate 1,PLT-000201,Corning_384_3570,E24
Compound source 1,PLT-000101,384PP_DMSO2,P23,25,Assay plate 1,PLT-000201,Corning_384_3570,F23
Compound source 1,PLT-000101,384PP_DMSO2,P24,25,Assay plate 1,PLT-000201,Corning_384_3570,F24
Compound source 1,PLT-000101,384PP_DMSO2,P23,25,Assay plate 1,PLT-000201,Corning_384_3570,G23
Compound source 1,PLT-000101,384PP_DMSO2,P24,25,Assay plate 1,PLT-000201,Corning_384_3570,G24
Compound source 1,PLT-000101,384PP_DMSO2,P23,25,Assay plate 1,PLT-000201,Corning_384_3570,H23
Compound source 1,PLT-000101,384PP_DMSO2,P24,25,Assay plate 1,PLT-000201,Corning_384_3570,H24
Compound source 1,PLT-000101,384PP_DMSO2,P23,25,Assay plate 1,PLT-000201,Corning_384_3570,I23
Compound source 1,PLT-000101,384PP_DMSO2,P24,25,Assay plate 1,PLT-000201,Corning_384_3570,I24
Compound source 1,PLT-000101,384PP_DMSO2,P23,25,Assay plate 1,PLT-000201,Corning_384_3570,J23
Compound source 1,PLT-000101,384PP_DMSO2,P24,25,Assay plate 1,PLT-000201,Corning_384_3570,J24
Compound source 1,PLT-000101,384PP_DMSO2,P23,25,Assay plate 1,PLT-000201,Corning_384_3570,K23
Compound source 1,PLT-000101,384PP_DMSO2,P24,25,Assay plate 1,PLT-000201,Corning_384_3570,K24
Compound source 1,PLT-000101,384PP_DMSO2,P23,25,Assay plate 1,PLT-000201,Corning_384_3570,L23
Compound source 1,PLT-000101,384PP_DMSO2,P24,25,Assay plate 1,PLT-000201,Corning_384_3570,L24
Compound source 1,PLT-000101,384PP_DMSO2,P23,25,Assay plate 1,PLT-000201,Corning_384_3570,M23
Compound source 1,PLT-000101,384PP_DMSO2,P24,25,Assay plate 1,PLT-000201,Corning_384_3570,M24
Compound source 1,PLT-000101,384PP_DMSO2,P23,25,Assay plate 1,PLT-000201,Corning_384_3570,N23
Compound source 1,PLT-000101,384PP_DMSO2,P24,25,Assay plate 1,PLT-000201,Corning_384_3570,N24
Compound source 1,PLT-000101,384PP_DMSO2,P23,25,Assay plate 1,PLT-000201,Corning_384_3570,O23
Compound source 1,PLT-000101,384PP_DMSO2,P24,25,Assay plate 1,PLT-000201,Corning_384_3570,O24
Compound source 1,PLT-000101,384PP_DMSO2,P23,25,Assay plate 1,PLT-000201,Corning_384_3570,P23
Compound source 1,PLT-000101,384PP_DMSO2,P24,25,Assay plate 1,PLT-000201,Corning_384_3570,P24
