Plate,Well,Reagent,Volume (uL)
PLT-000401,A1,CellTiter-Glo 2.0,25
PLT-000401,A2,CellTiter-Glo 2.0,25
PLT-000401,A3,CellTiter-Glo 2.0,25
PLT-000401,A4,CellTiter-Glo 2.0,25
PLT-000401,A5,CellTiter-Glo 2.0,25
PLT-000401,A6,CellTiter-Glo 2.0,25
PLT-000401,A7,CellTiter-Glo 2.0,25
PLT-000401,A8,CellTiter-Glo 2.0,25
PLT-000401,A9,CellTiter-Glo 2.0,25
PLT-000401,A10,CellTiter-Glo 2.0,25
PLT-000401,A11,CellTiter-Glo 2.0,25
PLT-000401,A12,CellTiter-Glo 2.0,25
PLT-000401,B1,CellTiter-Glo 2.0,25
PLT-000401,B2,CellTiter-Glo 2.0,25
PLT-000401,B3,CellTiter-Glo 2.0,25
PLT-000401,B4,CellTiter-Glo 2.0,25
PLT-000401,B5,CellTiter-Glo 2.0,25
PLT-000401,B6,CellTiter-Glo 2.0,25
PLT-000401,B7,CellTiter-Glo 2.0,25
PLT-000401,B8,CellTiter-Glo 2.0,25
PLT-000401,B9,CellTiter-Glo 2.0,25
PLT-000401,B10,CellTiter-Glo 2.0,25
PLT-000401,B11,CellTiter-Glo 2.0,25
PLT-000401,B12,CellTiter-Glo 2.0,25
PLT-000401,C1,CellTiter-Glo 2.0,25
PLT-000401,C2,CellTiter-Glo 2.0,25
PLT-000401,C3,CellTiter-Glo 2.0,25
PLT-000401,C4,CellTiter-Glo 2.0,25
PLT-000401,C5,CellTiter-Glo 2.0,25
PLT-000401,C6,CellTiter-Glo 2.0,25
PLT-000401,C7,CellTiter-Glo 2.0,25
PLT-000401,C8,CellTiter-Glo 2.0,25
PLT-000401,C9,CellTiter-Glo 2.0,25
PLT-000401,C10,CellTiter-Glo 2.0,25
PLT-000401,C11,CellTiter-Glo 2.0,25
PLT-000401,C12,CellTiter-Glo 2.0,25
PLT-000401,D1,CellTiter-Glo 2.0,25
PLT-000401,D2,CellTiter-Glo 2.0,25
PLT-000401,D3,CellTiter-Glo 2.0,25
PLT-000401,D4,CellTiter-Glo 2.0,25
PLT-000401,D5,CellTiter-Glo 2.0,25
PLT-000401,D6,CellTiter-Glo 2.0,25
PLT-000401,D7,CellTiter-Glo 2.0,25
PLT-000401,D8,CellTiter-Glo 2.0,25
PLT-000401,D9,CellTiter-Glo 2.0,25
PLT-000401,D10,CellTiter-Glo 2.0,25
PLT-000401,D11,CellTiter-Glo 2.0,25
PLT-000401,D12,CellTiter-Glo 2.0,25
PLT-000401,E1,CellTiter-Glo 2.0,25
PLT-000401,E2,CellTiter-Glo 2.0,25
PLT-000401,E3,CellTiter-Glo 2.0,25
PLT-000401,E4,CellTiter-Glo 2.0,25
PLT-000401,E5,CellTiter-Glo 2.0,25
PLT-000401,E6,CellTiter-Glo 2.0,25
PLT-000401,E7,CellTiter-Glo 2.0,25
PLT-000401,E8,CellTiter-Glo 2.0,25
PLT-000401,E9,CellTiter-Glo 2.0,25
PLT-000401,E10,CellTiter-Glo 2.0,25
PLT-000401,E11,CellTiter-Glo 2.0,25
PLT-000401,E12,CellTiter-Glo 2.0,25
PLT-000401,F1,CellTiter-Glo 2.0,25
PLT-000401,F2,CellTiter-Glo 2.0,25
PLT-000401,F3,CellTiter-Glo 2.0,25
PLT-000401,F4,CellTiter-Glo 2.0,25
PLT-000401,F5,CellTiter-Glo 2.0,25
PLT-000401,F6,CellTiter-Glo 2.0,25
PLT-000401,F7,CellTiter-Glo 2.0,25
PLT-000401,F8,CellTiter-Glo 2.0,25
PLT-000401,F9,CellTiter-Glo 2.0,25
PLT-000401,F10,CellTiter-Glo 2.0,25
PLT-000401,F11,CellTiter-Glo 2.0,25
PLT-000401,F12,CellTiter-Glo 2.0,25
PLT-000401,G1,CellTiter-Glo 2.0,25
PLT-000401,G2,CellTiter-Glo 2.0,25
PLT-000401,G3,CellTiter-Glo 2.0,25
PLT-000401,G4,CellTiter-Glo 2.0,25
PLT-000401,G5,CellTiter-Glo 2.0,25
PLT-000401,G6,CellTiter-Glo 2.0,25
PLT-000401,G7,CellTiter-Glo 2.0,25
PLT-000401,G8,CellTiter-Glo 2.0,25
PLT-000401,G9,CellTiter-Glo 2.0,25
PLT-000401,G10,CellTiter-Glo 2.0,25
PLT-000401,G11,CellTiter-Glo 2.0,25
PLT-000401,G12,CellTiter-Glo 2.0,25
PLT-000401,H1,CellTiter-Glo 2.0,25
PLT-000401,H2,CellTiter-Glo 2.0,25
PLT-000401,H3,CellTiter-Glo 2.0,25
PLT-000401,H4,CellTiter-Glo 2.0,25
PLT-000401,H5,CellTiter-Glo 2.0,25
PLT-000401,H6,CellTiter-Glo 2.0,25
PLT-000401,H7,CellTiter-Glo 2.0,25
PLT-000401,H8,CellTiter-Glo 2.0,25
PLT-000401,H9,CellTiter-Glo 2.0,25
PLT-000401,H10,CellTiter-Glo 2.0,25
PLT-000401,H11,CellTiter-Glo 2.0,25
PLT-000401,H12,CellTiter-Glo 2.0,25
